{
    "predictions": [],
    "price_metrics": {
        "mae": 1067.671630859375,
        "rmse": 1935.8170109801185,
        "r2": 0.47697532176971436
    },
    "attribute_metrics": {
        "f1_macro": 0.33891208206851453,
        "individual_f1": {
            "Neck": 0.26429933254981774,
            "Sleeve Length": 0.8115308076432768,
            "Print or Pattern Type": 0.16819389577236737,
            "Type": 0.29367863032126884,
            "Hemline": 0.363078822183424,
            "Pattern": 0.41613096100665353,
            "Length": 0.5861011847793728,
            "Sleeve Styling": 0.21750062711601134,
            "Ornamentation": 0.1876016029997365,
            "Occasion": 0.4082163377797134,
            "Fabric": 0.16737573917547371,
            "Fit": 0.2237049419756197,
            "colour": 0.29844418358795344
        }
    },
    "text_metrics": {
        "bleu": 0.15646140748517354,
        "rouge_1": 0.4251801296248131,
        "rouge_2": 0.24095878605733242,
        "rouge_l": 0.4054442621183012,
        "hallucination_rate": 7.648009650180941
    }
}